#,makat,price,category,path,color,S,M,L,XL
1,1,250,bikini,pictures/bikini/bikini (1).jpeg,צבעוני,100,100,100,100
2,2,300,bikini,pictures/bikini/bikini (2).jpeg,אדום,99,100,100,100
3,3,300,bikini,pictures/bikini/bikini (3).jpeg,שחור,100,100,100,100
4,4,250,bikini,pictures/bikini/bikini (4).jpeg,לבן,98,100,100,100
5,5,200,bikini,pictures/bikini/bikini (5).jpeg,כחול,100,100,100,100
6,6,150,bikini,pictures/bikini/bikini (6).jpeg,ורוד,100,100,100,100
7,7,200,bikini,pictures/bikini/bikini (7).jpeg,אדום,100,100,100,100
8,8,300,bikini,pictures/bikini/bikini (8).jpeg,ורוד,100,100,100,100
9,9,150,bikini,pictures/bikini/bikini (9).jpeg,שחור,100,100,100,100
10,10,250,bikini,pictures/bikini/bikini (10).jpeg,לבן,100,100,100,100
11,11,250,bikini,pictures/bikini/bikini (11).jpeg,צהוב,100,100,100,100
12,12,250,bikini,pictures/bikini/bikini (12).jpeg,צבעוני,100,100,100,100
13,13,300,bikini,pictures/bikini/bikini (13).jpeg,ירוק,100,100,100,100
14,14,350,bikini,pictures/bikini/bikini (14).jpeg,ירוק,100,100,100,100
15,15,400,bikini,pictures/bikini/bikini (15).jpeg,צהוב,100,100,100,100
16,16,400,bikini,pictures/bikini/bikini (16).jpeg,אדום,100,100,100,100
17,17,400,bikini,pictures/bikini/bikini (17).jpeg,ירוק,100,100,100,100
18,18,300,bikini,pictures/bikini/bikini (18).jpeg,אדום,100,100,100,100
19,19,250,bikini,pictures/bikini/bikini (19).jpeg,שחור,100,100,100,100
20,20,150,bikini,pictures/bikini/bikini (20).jpeg,לבן,99,100,100,100
21,21,180,bikini,pictures/bikini/bikini (21).jpeg,צהוב,100,100,100,100
22,22,200,bikini,pictures/bikini/bikini (22).jpeg,לבן,100,100,100,100
23,23,220,bikini,pictures/bikini/bikini (23).jpeg,שחור,100,100,100,100
24,24,250,bikini,pictures/bikini/bikini (24).jpeg,שחור,100,100,100,100
25,25,300,bikini,pictures/bikini/bikini (25).jpeg,ירוק,100,100,100,100
26,26,350,bikini,pictures/bikini/bikini (26).jpeg,כחול,100,100,100,100
27,27,400,bikini,pictures/bikini/bikini (27).jpeg,ורוד,100,100,100,100
28,28,400,bikini,pictures/bikini/bikini (28).jpeg,כחול,100,100,100,100
29,29,400,bikini,pictures/bikini/bikini (29).jpeg,לבן,100,100,100,100
30,30,300,bikini,pictures/bikini/bikini (30).jpeg,כחול,100,100,100,100
31,31,250,bikini,pictures/bikini/bikini (31).jpeg,צהוב,100,100,100,100
32,32,150,bikini,pictures/bikini/bikini (32).jpeg,לבן,100,100,100,100
33,33,250,bikini,pictures/bikini/bikini (33).jpeg,ירוק,100,100,100,100
34,34,250,bikini,pictures/bikini/bikini (34).jpeg,שחור,100,100,100,100
35,35,250,bikini,pictures/bikini/bikini (35).jpeg,חום,100,100,100,100
36,36,300,bikini,pictures/bikini/bikini (36).jpeg,שחור,100,100,100,100
37,37,350,bikini,pictures/bikini/bikini (37).jpeg,כחול,100,100,100,100
38,38,400,bikini,pictures/bikini/bikini (38).jpeg,צבעוני,100,100,100,100
39,39,400,bikini,pictures/bikini/bikini (39).jpeg,לבן,100,100,100,100
40,40,400,bikini,pictures/bikini/bikini (40).jpeg,חום,100,100,100,100
41,41,150,bikini,pictures/bikini/bikini (41).jpeg,אדום,100,100,100,100
42,42,180,bikini,pictures/bikini/bikini (42).jpeg,לבן,100,100,100,100
43,43,200,bikini,pictures/bikini/bikini (43).jpeg,ורוד,100,100,100,100
44,44,220,full_body,pictures/full_body/full_body (1).jpeg,ורוד,100,100,100,100
45,45,250,full_body,pictures/full_body/full_body (2).jpeg,שחור,100,100,100,100
46,46,350,full_body,pictures/full_body/full_body (3).jpeg,שחור,100,100,98,100
47,47,180,full_body,pictures/full_body/full_body (4).jpeg,ורוד,98,100,100,100
48,48,300,full_body,pictures/full_body/full_body (6).jpeg,שחור,100,100,100,100
49,49,250,full_body,pictures/full_body/full_body (7).jpeg,שחור,100,100,100,100
50,50,400,full_body,pictures/full_body/full_body (8).jpeg,ורוד,100,100,100,100
51,51,400,full_body,pictures/full_body/full_body (9).jpeg,ורוד,100,100,100,100
52,52,400,full_body,pictures/full_body/full_body (10).jpeg,כחול,100,100,100,100
53,53,150,full_body,pictures/full_body/full_body (11).jpeg,שחור,100,100,100,100
54,54,180,full_body,pictures/full_body/full_body (12).jpeg,שחור,100,100,100,100
55,55,200,full_body,pictures/full_body/full_body (13).jpeg,לבן,100,100,100,100
56,56,220,full_body,pictures/full_body/full_body (14).jpeg,אדום,100,100,100,100
57,57,250,full_body,pictures/full_body/full_body (15).jpeg,לבן,100,100,100,100
58,58,350,full_body,pictures/full_body/full_body (16).jpeg,שחור,100,100,100,100
59,59,180,full_body,pictures/full_body/full_body (19).jpeg,לבן,100,100,100,100
60,60,400,full_body,pictures/full_body/full_body (23).jpeg,ורוד,100,100,100,100
61,61,400,long_sleeve,pictures/long_sleeve/long_sleeve (1).jpeg,ירוק,94,100,100,100
62,62,150,long_sleeve,pictures/long_sleeve/long_sleeve (2).jpeg,שחור,98,99,100,100
63,63,180,long_sleeve,pictures/long_sleeve/long_sleeve (3).jpeg,לבן,100,100,100,100
64,64,200,long_sleeve,pictures/long_sleeve/long_sleeve (5).jpeg,לבן,100,100,100,100
65,65,220,top_sales,pictures/top_sales/top_sales (5).jpeg,שחור,100,100,100,100
66,66,250,top_sales,pictures/top_sales/top_sales (9).jpeg,לבן,100,100,100,100
67,67,350,top_sales,pictures/top_sales/top_sales (10).jpeg,ירוק,99,100,100,100
68,68,180,top_sales,pictures/top_sales/top_sales (12).jpeg,כחול,99,100,100,100
69,69,150,top_sales,pictures/top_sales/top_sales (14).jpeg,שחור,100,100,100,100
70,70,200,top_sales,pictures/top_sales/top_sales (15).jpeg,שחור,100,100,100,100
71,71,200,top_sales,pictures/top_sales/top_sales (16).jpeg,לבן,100,100,100,100
72,72,250,top_sales,pictures/top_sales/top_sales (6).jpeg,כחול,100,100,100,100
73,73,400,bikini,pictures/bikini/bikini (44).jpeg,לבן,100,100,100,100
74,74,300,bikini,pictures/bikini/bikini (46).jpeg,חום,100,100,100,100
75,75,300,bikini,pictures/bikini/bikini (48).jpeg,ירוק,100,100,100,100
76,76,250,bikini,pictures/bikini/bikini (61).jpeg,ורוד,100,100,100,100
77,77,250,bikini,pictures/bikini/bikini (65).jpeg,צהוב,100,100,100,100
