#,id,name,last_name,phone,email,request
1,1,ירדן,בכר,545506446,yardenbach@gmail.com,הי זו פניית ניסיון
2,2,mor,cfr,545506446,intel@gmail.com,האם הודעה מספר 1 נמחקה?
3,3,mor,cfr,545506446,intel@gmail.com,האם הודעה מספר 1 נמחקה?
4,4,nitzan,/m;lm,545506446,intel@gmail.com,עוד ניסיון
5,5,דניאל,בן טוב,545506446,yardenbach@gmail.com,מה קורה?
6,6,ירדן,בכר,545506446,yardenbach@gmail.com,מה נשמע?
7,7,ירדן,בכר,545506446,yardenbach@gmail.com,bhxhui bhxhui bhxhui
8,8,ירדן,בכר,545506446,yardenbach@gmail.com,bhxhui bhxhui bhxhui
9,9,ירדן,בכר,545506446,yardenbach@gmail.com,bhxhui bhxhui bhxhui
10,10,ירדן,בכר,545506446,yardenbach@gmail.com,bhxhui bhxhui bhxhui
11,11,ירדן,בכר,545506446,yardenbach@gmail.com,bhxhui bhxhui bhxhui
12,12,ירדן,בכר,545506446,yardenbach@gmail.com,bhxhui bhxhui bhxhui
13,13,ירדן,בכר,545506446,yardenbach@gmail.com,bhxhui bhxhui bhxhui
14,14,ירדן,בכר,545506446,yardenbach@gmail.com,bhxhui bhxhui bhxhui
15,15,mor,בכר,545506446,yardenbach@gmail.com,jav jav
16,16,mor,בכר,545506446,yardenbach@gmail.com,ldldfl
17,17,ירדן,בכר,545506446,kscwn@dkdkd.com,fjpfejepoj
18,18,ירדן,בכר,545506446,kscwn@dkdkd.com,fjpfejepoj
19,19,ירדן,בכר,545506446,kscwn@dkdkd.com,fjpfejepoj
20,20,ירדן,בכר,545506446,kscwn@dkdkd.com,fjpfejepoj
21,21,ירדן,בכר,545506446,kscwn@dkdkd.com,fjpfejepoj
22,22,ירדן,בכר,545506446,kscwn@dkdkd.com,fjpfejepoj
23,23,ירדן,בכר,545506446,kscwn@dkdkd.com,fjpfejepoj
24,24,ירדן,בכר,545506446,kscwn@dkdkd.com,fjpfejepoj
25,25,ירדן,בכר,545506446,kscwn@dkdkd.com,fjpfejepoj
26,26,ירדן,בכר,545506446,kscwn@dkdkd.com,fjpfejepoj
27,27,ירדן,בכר,545506446,kscwn@dkdkd.com,fjpfejepoj
28,28,ירדן,בכר,545506446,kscwn@dkdkd.com,fjpfejepoj
29,29,ירדן,בכר,545506446,kscwn@dkdkd.com,fjpfejepoj
30,30,ירדן,בכר,545506446,kscwn@dkdkd.com,fjpfejepoj
31,31,ירדן,בכר,545506446,kscwn@dkdkd.com,fjpfejepoj
32,32,ירדן,בכר,545506446,kscwn@dkdkd.com,fjpfejepoj
33,33,ירדן,בכר,545506446,kscwn@dkdkd.com,fjpfejepoj
34,34,ירדן,בכר,545506446,kscwn@dkdkd.com,fjpfejepoj
35,35,ירדן,בכר,545506446,kscwn@dkdkd.com,fjpfejepoj
36,36,ירדן,בכר,545506446,kscwn@dkdkd.com,fjpfejepoj
37,37,ירדן,בכר,545506446,kscwn@dkdkd.com,fjpfejepoj
38,38,ירדן,בכר,545506446,kscwn@dkdkd.com,fjpfejepoj
39,39,ירדן,בכר,545506446,kscwn@dkdkd.com,fjpfejepoj
40,40,ירדן,בכר,545506446,kscwn@dkdkd.com,fjpfejepoj
41,41,ירדן,בכר,545506446,kscwn@dkdkd.com,fjpfejepoj
42,42,ירדן,בכר,545506446,kscwn@dkdkd.com,fjpfejepoj
43,43,ירדן,בכר,545506446,kscwn@dkdkd.com,fjpfejepoj
